Gene name,Distance from ATG,sgRNA seq,logFC,Sum of starting counts
pheU,3,ctctaccgactgagctatcc,-7.92843844099689,81
pheU,4,gctctaccgactgagctatc,-0.0152990361302735,205
pheU,49,ccggactcggaatcgaacca,-6.15750049123349,25
rrfG,4,accaccgcgctacggccgcc,-0.0987281895895713,187
rrfG,27,agttcggcatggggtcaggt,-3.25498009512891,149
rrfG,28,gagttcggcatggggtcagg,-3.71556887790545,330
rrfG,31,tctgagttcggcatggggtc,-2.38895963932986,106
rrfG,37,ttcacttctgagttcggcat,-5.0593844320199,60
cyaR,19,tggtacagctagcattttat,-7.39706088050022,46
cyaR,20,ctggtacagctagcatttta,-2.62885903775927,180
cyaR,39,caggctaaggaggtggttcc,-0.0573267759032111,548
cyaR,46,gattacacaggctaaggagg,0.0177760064376271,188
birA,16,ggcaatcaatttcagtggca,-2.27196827980051,326
birA,21,aacagggcaatcaatttcag,-5.47491223907847,199
birA,37,aaattcaccgttcgctaaca,-0.408289022160419,156
birA,38,gaaattcaccgttcgctaac,0.136732749331192,314
yhhX,18,gcttttgccgaagccaataa,0.0704204181728413,170
yhhX,42,atacggcagatggtaacggg,0.0169502239097148,115
yhhX,45,tacatacggcagatggtaac,-6.22783112122588,134
yhhX,46,gtacatacggcagatggtaa,-5.97595755171188,73
icd,72,taagggataatcggattttc,-1.57272281820605,72
icd,81,ccttcaatgtaagggataat,-0.57011691446375,252
icd,89,ttccatcaccttcaatgtaa,-4.65988882330731,158
icd,90,attccatcaccttcaatgta,-0.170949779153356,327
mtr,15,cgacggtgacgtttgggtgg,0.0154019682738324,498
mtr,18,cagcgacggtgacgtttggg,0.27612699129512,622
mtr,21,aagcagcgacggtgacgttt,0.0433490883676221,792
mtr,22,caagcagcgacggtgacgtt,-4.36566425895757,1181
mepM,16,taaacgccagggcgacagag,0.478179384224682,199
mepM,27,cggtaaattattaaacgcca,0.157829318418195,129
mepM,28,gcggtaaattattaaacgcc,-2.43057730967844,82
mepM,47,aacataacgcggtgtggtcg,-0.0136866961634289,161
yigB,18,agcgccgagatgcgccccaa,-0.0370118054038219,291
yigB,43,aagggtatcatccaggtcaa,-2.44081316553033,67
yigB,61,caccggacggttatcgtaaa,0.043952287975582,142
yigB,62,tcaccggacggttatcgtaa,-5.29613764731019,116
yigB,706,atttgctgattatatcagcg,0.580503696654009,63
yghE,10,caatgttgcgcatatgctgt,0.697730829565314,168
yghE,60,gtccggcgcgacggtagcgc,-6.4062399326624,132
yghE,61,agtccggcgcgacggtagcg,0.112045416029789,105
yghE,69,ggacatccagtccggcgcga,0.230933671059843,116
yqjH,12,aacgcgctgcgggtagcggg,-1.61600461091151,54
yqjH,13,gaacgcgctgcgggtagcgg,-0.103195936633078,54
yqjH,14,cgaacgcgctgcgggtagcg,-2.76488524620154,186
yqjH,15,gcgaacgcgctgcgggtagc,0.312957293548367,174
mdtF,26,caagtacccaggcaaaaacc,0.0599632667473524,260
mdtF,27,gcaagtacccaggcaaaaac,-0.118220323492319,448
mdtF,37,cataataatggcaagtaccc,0.281543980000256,81
mdtF,49,acctgcaagcatcataataa,-2.50305822491794,82
ilvH,8,cgagtaagactgataatatc,-5.66456672822811,64
ilvH,52,ggaaaaaaggccaatcacgc,0.0962154258589363,224
ilvH,53,gggaaaaaaggccaatcacg,-0.0300613321174168,204
ilvH,73,ttcaatgttgtagccacgct,0.313181992320683,297
hdeD,125,aaatatcgccagagacgaac,-0.510000553496053,71
hdeD,234,acgaggaaaccggataatac,-3.82008749659601,38
hdeD,251,ataaataggcgactgcgacg,0.269804128915989,48
hdeD,265,gaaatagccgatcaataaat,-0.5591587058644,48
caiC,90,ccggttaacgactccgccgc,0.170650963892776,223
caiC,109,ttaactcaagataactatac,-3.25496934467719,4
caiC,145,tataaaacaggtttgccgtg,0.0746753464315307,82
caiC,217,accagcaaaagataaattcc,0.0724924367068408,112
eutQ,81,ggcttccggggtaataatgc,-3.06211545068188,253
eutQ,93,cgccacttcacgggcttccg,0.115713919442253,441
eutQ,94,ccgccacttcacgggcttcc,0.0358176116431817,313
eutQ,95,tccgccacttcacgggcttc,0.180270645287338,297
